<?xml version="1.0" encoding="UTF-8"?>
<root>
  <item name="com.makeramen.roundedimageview.Corner">
    <annotation name="androidx.annotation.IntDef">
      <val name="value" val="{com.makeramen.roundedimageview.Corner.TOP_LEFT, com.makeramen.roundedimageview.Corner.TOP_RIGHT, com.makeramen.roundedimageview.Corner.BOTTOM_LEFT, com.makeramen.roundedimageview.Corner.BOTTOM_RIGHT}" />
    </annotation>
  </item>
  <item name="com.makeramen.roundedimageview.RoundedDrawable com.makeramen.roundedimageview.RoundedDrawable setCornerRadius(int, float) 0">
    <annotation name="androidx.annotation.IntDef">
      <val name="value" val="{com.makeramen.roundedimageview.Corner.TOP_LEFT, com.makeramen.roundedimageview.Corner.TOP_RIGHT, com.makeramen.roundedimageview.Corner.BOTTOM_LEFT, com.makeramen.roundedimageview.Corner.BOTTOM_RIGHT}" />
    </annotation>
  </item>
  <item name="com.makeramen.roundedimageview.RoundedDrawable float getCornerRadius(int) 0">
    <annotation name="androidx.annotation.IntDef">
      <val name="value" val="{com.makeramen.roundedimageview.Corner.TOP_LEFT, com.makeramen.roundedimageview.Corner.TOP_RIGHT, com.makeramen.roundedimageview.Corner.BOTTOM_LEFT, com.makeramen.roundedimageview.Corner.BOTTOM_RIGHT}" />
    </annotation>
  </item>
  <item name="com.makeramen.roundedimageview.RoundedImageView float getCornerRadius(int) 0">
    <annotation name="androidx.annotation.IntDef">
      <val name="value" val="{com.makeramen.roundedimageview.Corner.TOP_LEFT, com.makeramen.roundedimageview.Corner.TOP_RIGHT, com.makeramen.roundedimageview.Corner.BOTTOM_LEFT, com.makeramen.roundedimageview.Corner.BOTTOM_RIGHT}" />
    </annotation>
  </item>
  <item name="com.makeramen.roundedimageview.RoundedImageView void setCornerRadius(int, float) 0">
    <annotation name="androidx.annotation.IntDef">
      <val name="value" val="{com.makeramen.roundedimageview.Corner.TOP_LEFT, com.makeramen.roundedimageview.Corner.TOP_RIGHT, com.makeramen.roundedimageview.Corner.BOTTOM_LEFT, com.makeramen.roundedimageview.Corner.BOTTOM_RIGHT}" />
    </annotation>
  </item>
  <item name="com.makeramen.roundedimageview.RoundedImageView void setCornerRadiusDimen(int, int) 0">
    <annotation name="androidx.annotation.IntDef">
      <val name="value" val="{com.makeramen.roundedimageview.Corner.TOP_LEFT, com.makeramen.roundedimageview.Corner.TOP_RIGHT, com.makeramen.roundedimageview.Corner.BOTTOM_LEFT, com.makeramen.roundedimageview.Corner.BOTTOM_RIGHT}" />
    </annotation>
  </item>
  <item name="com.makeramen.roundedimageview.RoundedTransformationBuilder com.makeramen.roundedimageview.RoundedTransformationBuilder cornerRadius(int, float) 0">
    <annotation name="androidx.annotation.IntDef">
      <val name="value" val="{com.makeramen.roundedimageview.Corner.TOP_LEFT, com.makeramen.roundedimageview.Corner.TOP_RIGHT, com.makeramen.roundedimageview.Corner.BOTTOM_LEFT, com.makeramen.roundedimageview.Corner.BOTTOM_RIGHT}" />
    </annotation>
  </item>
  <item name="com.makeramen.roundedimageview.RoundedTransformationBuilder com.makeramen.roundedimageview.RoundedTransformationBuilder cornerRadiusDp(int, float) 0">
    <annotation name="androidx.annotation.IntDef">
      <val name="value" val="{com.makeramen.roundedimageview.Corner.TOP_LEFT, com.makeramen.roundedimageview.Corner.TOP_RIGHT, com.makeramen.roundedimageview.Corner.BOTTOM_LEFT, com.makeramen.roundedimageview.Corner.BOTTOM_RIGHT}" />
    </annotation>
  </item>
</root>

